Model,Condition,224,320,384,448,Net_Gain
DeiT-B/16,Clean,81.54,81.774,80.998,79.938,-1.6020000000000039
DeiT-B/16,Gaussian Noise (s3),78.01599999999999,77.474,75.394,72.33000000000001,-5.685999999999979
DeiT-B/16,Defocus Blur (s3),75.44,73.038,70.274,68.282,-7.158000000000001
EfficientNet-B3,Clean,78.29,81.864,82.57,82.708,4.417999999999992
EfficientNet-B3,Gaussian Noise (s3),71.372,74.518,74.042,53.874,-17.497999999999998
EfficientNet-B3,Defocus Blur (s3),69.472,73.066,72.75399999999999,71.952,2.480000000000004
FlexiViT-B,Clean,83.55,84.556,84.54,84.268,0.7180000000000035
FlexiViT-B,Gaussian Noise (s3),80.312,80.362,78.714,73.822,-6.489999999999995
FlexiViT-B,Defocus Blur (s3),77.58,77.974,77.676,77.036,-0.5439999999999969
