condition,suite_condition,deit_correct,eff_correct,deit_acc,eff_acc
clean,A_orig448,0.81,0.829,81.0,82.89999999999999
clean,B_filtered448,0.809,0.83,80.9,83.0
clean,C_down224,0.833,0.785,83.3,78.5
clean,D_up448,0.795,0.82,79.5,82.0
defocus_blur,A_orig448,0.705,0.734,70.5,73.4
defocus_blur,B_filtered448,0.686,0.725,68.60000000000001,72.5
defocus_blur,C_down224,0.772,0.704,77.2,70.39999999999999
defocus_blur,D_up448,0.678,0.707,67.80000000000001,70.7
gaussian_noise,A_orig448,0.73,0.531,73.0,53.1
gaussian_noise,B_filtered448,0.721,0.762,72.1,76.2
gaussian_noise,C_down224,0.794,0.736,79.4,73.6
gaussian_noise,D_up448,0.697,0.755,69.69999999999999,75.5
