Model,Condition,Severity,Acc_224,Acc_448,Delta_448_224
DeiT-B/16,Gaussian Noise,1,80.05333333333333,77.78666666666668,-2.2666666666666515
DeiT-B/16,Gaussian Noise,3,78.01599999999999,72.33000000000001,-5.685999999999979
DeiT-B/16,Gaussian Noise,5,72.85333333333334,51.64666666666666,-21.206666666666678
DeiT-B/16,Defocus Blur,1,80.95333333333333,79.44,-1.5133333333333354
DeiT-B/16,Defocus Blur,3,75.44,68.282,-7.158000000000001
DeiT-B/16,Defocus Blur,5,58.9,41.959999999999994,-16.940000000000005
EfficientNet-B3,Gaussian Noise,1,76.05333333333333,78.94666666666666,2.893333333333331
EfficientNet-B3,Gaussian Noise,3,71.372,53.874,-17.497999999999998
EfficientNet-B3,Gaussian Noise,5,59.040000000000006,3.7199999999999998,-55.32000000000001
EfficientNet-B3,Defocus Blur,1,77.25333333333333,82.15333333333334,4.900000000000006
EfficientNet-B3,Defocus Blur,3,69.472,71.952,2.480000000000004
EfficientNet-B3,Defocus Blur,5,50.526666666666664,43.04,-7.486666666666665
FlexiViT-B,Gaussian Noise,1,82.87333333333333,81.72,-1.153333333333336
FlexiViT-B,Gaussian Noise,3,80.312,73.822,-6.489999999999995
FlexiViT-B,Gaussian Noise,5,74.52666666666666,31.566666666666666,-42.959999999999994
FlexiViT-B,Defocus Blur,1,82.70666666666666,83.58,0.8733333333333348
FlexiViT-B,Defocus Blur,3,77.58,77.036,-0.5439999999999969
FlexiViT-B,Defocus Blur,5,64.04666666666667,60.0,-4.046666666666667
