model,variant,resolution,batch_size,median_latency_ms,iqr_latency_ms,throughput_img_per_sec
deit_base,standard,224,1,7.512959957122803,0.2689999341964721,133.10333153738313
deit_base,standard,224,64,137.70652770996094,1.5798263549804688,464.7564720736952
deit_base,standard,320,1,7.960943937301636,0.0979839563369751,125.61324484580535
deit_base,standard,320,64,302.4771728515625,3.3165206909179688,211.58621457827277
deit_base,standard,384,1,10.041887760162354,0.1277439594268798,99.58286966392386
deit_base,standard,384,64,476.9822387695313,11.28754425048828,134.17690387193554
deit_base,standard,448,1,14.15985631942749,0.2067286968231201,70.62218552514464
deit_base,standard,448,64,721.6073913574219,17.321975708007812,88.69088754704833
efficientnet_b3,standard,224,1,17.40708827972412,0.5703277587890625,57.44786169464114
efficientnet_b3,standard,224,64,80.80161666870117,0.2444515228271484,792.0633600984701
efficientnet_b3,standard,320,1,17.472432136535645,0.8865046501159668,57.23301668512164
efficientnet_b3,standard,320,64,150.69960021972656,0.7397575378417969,424.68593086302303
efficientnet_b3,standard,384,1,18.362095832824707,1.9597768783569336,54.46001421103391
efficientnet_b3,standard,384,64,223.2590103149414,1.20733642578125,286.6625625085325
efficientnet_b3,standard,448,1,17.422048568725586,0.8006792068481445,57.39853129528667
efficientnet_b3,standard,448,64,288.31785583496094,1.86376953125,221.9772334760804
flexivit_base,standard,224,1,7.640160083770752,0.2694400548934936,130.88730982537953
flexivit_base,standard,224,64,160.44515228271484,2.6136512756347656,398.890206961366
flexivit_base,standard,320,1,8.390656471252441,0.2360162734985351,119.18018613038674
flexivit_base,standard,320,64,346.0607147216797,4.362251281738281,184.93864595833185
flexivit_base,standard,384,1,10.569664001464844,0.2275681495666504,94.61038684497544
flexivit_base,standard,384,64,536.2552490234375,6.681915283203125,119.34615114080276
flexivit_base,standard,448,1,14.626736164093018,0.0666396617889404,68.36795227460838
flexivit_base,standard,448,64,798.2473449707031,10.722640991210938,80.1756503209527
deit_base,tome_r4,224,1,19.385600090026852,0.6341595649719238,51.58468117344799
deit_base,tome_r4,224,64,172.43134307861328,1.4979286193847656,371.1622194511454
deit_base,tome_r4,448,1,19.334511756896973,0.5150079727172852,51.72098538476317
deit_base,tome_r4,448,64,876.7948608398438,5.817794799804688,72.9931285622468
deit_base,tome_r8,224,1,18.82439994812012,0.4372954368591308,53.12254322878771
deit_base,tome_r8,224,64,146.916748046875,2.042552947998047,435.6208590975637
deit_base,tome_r8,448,1,19.11022472381592,0.4978480339050293,52.32800840660761
deit_base,tome_r8,448,64,830.44677734375,2.77947998046875,77.06694967823114
