Condition,Severity,Resolution,Tokens_Fp,Acc_Fp,Tokens_Ft,Acc_Ft,Diff_Fp_Ft
clean,0,224,196,83.55,256,84.98,-1.4300000000000068
clean,0,320,400,84.556,256,85.36,-0.804000000000002
clean,0,384,576,84.54,256,85.34,-0.7999999999999972
clean,0,448,784,84.268,256,85.42,-1.152000000000001
gaussian_noise,3,224,196,80.312,256,81.17999999999999,-0.867999999999995
gaussian_noise,3,320,400,80.362,256,81.16,-0.7980000000000018
gaussian_noise,3,384,576,78.714,256,80.96,-2.245999999999995
gaussian_noise,3,448,784,73.822,256,80.76,-6.938000000000002
defocus_blur,3,224,196,77.58,256,78.82000000000001,-1.240000000000009
defocus_blur,3,320,400,77.974,256,79.16,-1.1859999999999928
defocus_blur,3,384,576,77.676,256,79.24,-1.563999999999993
defocus_blur,3,448,784,77.036,256,79.42,-2.3840000000000003
