Model,Corruption,N,Clean_224,Clean_448,Delta_Clean,Deg_224,Deg_448,Delta_Deg,DiD_pp,CI_95_low,CI_95_high,McNemar_p
deit_base,gaussian_noise,50000,81.54,79.938,-1.6020000000000039,78.01599999999999,72.33000000000001,-5.685999999999979,-4.083999999999975,3.7099,4.4281,1.8508357504043413e-289
deit_base,defocus_blur,50000,81.54,79.938,-1.6020000000000039,75.44,68.282,-7.158000000000001,-5.555999999999997,5.18895,5.957050000000001,0.0
deit_base,jpeg_compression,50000,81.54,79.938,-1.6020000000000039,77.38199999999999,70.37400000000001,-7.007999999999981,-5.4059999999999775,5.08295,5.778099999999999,0.0
deit_base,contrast,50000,81.54,79.938,-1.6020000000000039,79.912,77.036,-2.8760000000000048,-1.274000000000001,0.96295,1.5590499999999998,2.9519119290842964e-90
efficientnet_b3,gaussian_noise,50000,78.29,82.708,4.417999999999992,71.372,53.874,-17.497999999999998,-21.91599999999999,21.42695,22.3881,0.0
efficientnet_b3,defocus_blur,50000,78.29,82.708,4.417999999999992,69.472,71.952,2.480000000000004,-1.9379999999999882,1.5218,2.3081,8.312870512841971e-54
efficientnet_b3,jpeg_compression,50000,78.29,82.708,4.417999999999992,74.316,78.134,3.817999999999998,-0.5999999999999943,0.24085,0.9332499999999998,5.670110412167815e-148
efficientnet_b3,contrast,50000,78.29,82.708,4.417999999999992,75.858,81.438,5.579999999999998,1.1620000000000061,-1.4173499999999999,-0.9079999999999999,1.5747422551519717e-303
flexivit_base,gaussian_noise,50000,83.55,84.268,0.7180000000000035,80.312,73.822,-6.489999999999995,-7.207999999999998,6.8917,7.55915,0.0
flexivit_base,defocus_blur,50000,83.55,84.268,0.7180000000000035,77.58,77.036,-0.5439999999999969,-1.2620000000000005,1.01295,1.4901,1.274087190093374e-08
flexivit_base,jpeg_compression,50000,83.55,84.268,0.7180000000000035,80.458,78.724,-1.7339999999999947,-2.451999999999998,2.2028499999999998,2.7061,1.1396869902675562e-58
flexivit_base,contrast,50000,83.55,84.268,0.7180000000000035,83.202,84.61999999999999,1.4179999999999922,0.6999999999999886,-0.9250499999999999,-0.4799000000000001,3.580080480363368e-45
