model,R,sigma_injected,noise_gain,sigma_eff,measured_acc,matched_sigma_acc,excess_loss_pp,extrapolated
efficientnet_b3,224,0.18,0.3125,0.056249999999999994,71.372,71.372,0.0,False
efficientnet_b3,320,0.18,0.4806840118355252,0.08652312213039454,74.518,74.518,0.0,False
efficientnet_b3,384,0.18,0.5658340542099193,0.10185012975778547,74.042,74.042,0.0,False
efficientnet_b3,448,0.18,1.0,0.18,53.874,57.634589904567676,-3.7605899045676736,False
deit_base,224,0.18,0.3125,0.056249999999999994,78.01599999999999,78.01599999999999,0.0,False
deit_base,320,0.18,0.4806840118355252,0.08652312213039454,77.474,77.474,0.0,False
deit_base,384,0.18,0.5658340542099193,0.10185012975778547,75.394,75.394,0.0,False
deit_base,448,0.18,1.0,0.18,72.33000000000001,68.32866826980177,4.001331730198245,False
flexivit_base,224,0.18,0.3125,0.056249999999999994,80.312,80.312,0.0,False
flexivit_base,320,0.18,0.4806840118355252,0.08652312213039454,80.362,80.362,0.0,False
flexivit_base,384,0.18,0.5658340542099193,0.10185012975778547,78.714,78.714,0.0,False
flexivit_base,448,0.18,1.0,0.18,73.822,70.31112128484841,3.5108787151515912,True
