model,condition,severity,operator,resolution,effective_sigma,accuracy,ci_low,ci_high,N
deit_base,clean,0,area,224,0.0,82.48,81.43,83.53,5000
deit_base,clean,0,area,320,0.0,81.82,80.75,82.89,5000
deit_base,clean,0,area,384,0.0,80.92,79.83,82.01,5000
deit_base,clean,0,bicubic_antialias,224,0.0,82.62,81.57,83.67,5000
deit_base,clean,0,bicubic_antialias,320,0.0,82.54,81.49,83.59,5000
deit_base,clean,0,bicubic_antialias,384,0.0,81.8,80.73,82.87,5000
deit_base,clean,0,bilinear_antialias,224,0.0,82.42,81.36,83.48,5000
deit_base,clean,0,bilinear_antialias,320,0.0,82.32,81.26,83.38,5000
deit_base,clean,0,bilinear_antialias,384,0.0,81.98,80.91,83.05,5000
deit_base,clean,0,bilinear_no_antialias,224,0.0,82.48,81.43,83.53,5000
deit_base,clean,0,bilinear_no_antialias,320,0.0,82.64,81.59,83.69,5000
deit_base,clean,0,bilinear_no_antialias,384,0.0,81.8,80.73,82.87,5000
deit_base,clean,0,gaussian_prefilter_448,448,0.0,79.68,78.56,80.8,5000
deit_base,clean,0,identity_448,448,0.0,80.8,79.71,81.89,5000
deit_base,gaussian_noise,3,area,224,0.09,78.76,77.63,79.89,5000
deit_base,gaussian_noise,3,area,320,0.084,76.78,75.61,77.95,5000
deit_base,gaussian_noise,3,area,384,0.0899,74.18,72.97,75.39,5000
deit_base,gaussian_noise,3,bicubic_antialias,224,0.0728,78.62,77.48,79.76,5000
deit_base,gaussian_noise,3,bicubic_antialias,320,0.1047,78.3,77.16,79.44,5000
deit_base,gaussian_noise,3,bicubic_antialias,384,0.1257,75.68,74.49,76.87,5000
deit_base,gaussian_noise,3,bilinear_antialias,224,0.0563,78.2,77.06,79.34,5000
deit_base,gaussian_noise,3,bilinear_antialias,320,0.0866,78.08,76.93,79.23,5000
deit_base,gaussian_noise,3,bilinear_antialias,384,0.1019,75.58,74.39,76.77,5000
deit_base,gaussian_noise,3,bilinear_no_antialias,224,0.09,78.76,77.63,79.89,5000
deit_base,gaussian_noise,3,bilinear_no_antialias,320,0.1224,77.98,76.83,79.13,5000
deit_base,gaussian_noise,3,bilinear_no_antialias,384,0.1192,75.66,74.47,76.85,5000
deit_base,gaussian_noise,3,gaussian_prefilter_448,448,0.0588,70.64,69.38,71.9,5000
deit_base,gaussian_noise,3,identity_448,448,0.18,73.16,71.93,74.39,5000
deit_base,gaussian_noise,5,area,224,0.19,73.0,71.77,74.23,5000
deit_base,gaussian_noise,5,area,320,0.1774,67.32,66.02,68.62,5000
deit_base,gaussian_noise,5,area,384,0.1899,61.5,60.15,62.85,5000
deit_base,gaussian_noise,5,bicubic_antialias,224,0.1538,73.62,72.4,74.84,5000
deit_base,gaussian_noise,5,bicubic_antialias,320,0.2211,69.56,68.28,70.84,5000
deit_base,gaussian_noise,5,bicubic_antialias,384,0.2654,63.88,62.55,65.21,5000
deit_base,gaussian_noise,5,bilinear_antialias,224,0.119,73.56,72.34,74.78,5000
deit_base,gaussian_noise,5,bilinear_antialias,320,0.1829,69.52,68.24,70.8,5000
deit_base,gaussian_noise,5,bilinear_antialias,384,0.2152,64.66,63.34,65.98,5000
deit_base,gaussian_noise,5,bilinear_no_antialias,224,0.19,73.0,71.77,74.23,5000
deit_base,gaussian_noise,5,bilinear_no_antialias,320,0.2584,67.88,66.59,69.17,5000
deit_base,gaussian_noise,5,bilinear_no_antialias,384,0.2515,64.4,63.07,65.73,5000
deit_base,gaussian_noise,5,gaussian_prefilter_448,448,0.1242,56.36,54.99,57.73,5000
deit_base,gaussian_noise,5,identity_448,448,0.38,52.16,50.78,53.54,5000
efficientnet_b3,clean,0,area,224,0.0,79.54,78.42,80.66,5000
efficientnet_b3,clean,0,area,320,0.0,82.4,81.34,83.46,5000
efficientnet_b3,clean,0,area,384,0.0,83.2,82.16,84.24,5000
efficientnet_b3,clean,0,bicubic_antialias,224,0.0,79.28,78.16,80.4,5000
efficientnet_b3,clean,0,bicubic_antialias,320,0.0,82.68,81.63,83.73,5000
efficientnet_b3,clean,0,bicubic_antialias,384,0.0,83.38,82.35,84.41,5000
efficientnet_b3,clean,0,bilinear_antialias,224,0.0,79.1,77.97,80.23,5000
efficientnet_b3,clean,0,bilinear_antialias,320,0.0,82.54,81.49,83.59,5000
efficientnet_b3,clean,0,bilinear_antialias,384,0.0,83.38,82.35,84.41,5000
efficientnet_b3,clean,0,bilinear_no_antialias,224,0.0,79.56,78.44,80.68,5000
efficientnet_b3,clean,0,bilinear_no_antialias,320,0.0,82.9,81.86,83.94,5000
efficientnet_b3,clean,0,bilinear_no_antialias,384,0.0,83.34,82.31,84.37,5000
efficientnet_b3,clean,0,gaussian_prefilter_448,448,0.0,83.06,82.02,84.1,5000
efficientnet_b3,clean,0,identity_448,448,0.0,83.5,82.47,84.53,5000
efficientnet_b3,gaussian_noise,3,area,224,0.09,70.78,69.52,72.04,5000
efficientnet_b3,gaussian_noise,3,area,320,0.084,74.08,72.87,75.29,5000
efficientnet_b3,gaussian_noise,3,area,384,0.0899,73.56,72.34,74.78,5000
efficientnet_b3,gaussian_noise,3,bicubic_antialias,224,0.0728,71.72,70.47,72.97,5000
efficientnet_b3,gaussian_noise,3,bicubic_antialias,320,0.1047,74.78,73.58,75.98,5000
efficientnet_b3,gaussian_noise,3,bicubic_antialias,384,0.1257,73.82,72.6,75.04,5000
efficientnet_b3,gaussian_noise,3,bilinear_antialias,224,0.0563,72.16,70.92,73.4,5000
efficientnet_b3,gaussian_noise,3,bilinear_antialias,320,0.0866,74.9,73.7,76.1,5000
efficientnet_b3,gaussian_noise,3,bilinear_antialias,384,0.1019,74.42,73.21,75.63,5000
efficientnet_b3,gaussian_noise,3,bilinear_no_antialias,224,0.09,70.78,69.52,72.04,5000
efficientnet_b3,gaussian_noise,3,bilinear_no_antialias,320,0.1224,73.54,72.32,74.76,5000
efficientnet_b3,gaussian_noise,3,bilinear_no_antialias,384,0.1192,73.94,72.72,75.16,5000
efficientnet_b3,gaussian_noise,3,gaussian_prefilter_448,448,0.0588,74.54,73.33,75.75,5000
efficientnet_b3,gaussian_noise,3,identity_448,448,0.18,53.4,52.02,54.78,5000
efficientnet_b3,gaussian_noise,5,area,224,0.19,38.84,37.49,40.19,5000
efficientnet_b3,gaussian_noise,5,area,320,0.1774,56.36,54.99,57.73,5000
efficientnet_b3,gaussian_noise,5,area,384,0.1899,53.2,51.82,54.58,5000
efficientnet_b3,gaussian_noise,5,bicubic_antialias,224,0.1538,58.5,57.13,59.87,5000
efficientnet_b3,gaussian_noise,5,bicubic_antialias,320,0.2211,48.56,47.17,49.95,5000
efficientnet_b3,gaussian_noise,5,bicubic_antialias,384,0.2654,34.2,32.89,35.51,5000
efficientnet_b3,gaussian_noise,5,bilinear_antialias,224,0.119,59.52,58.16,60.88,5000
efficientnet_b3,gaussian_noise,5,bilinear_antialias,320,0.1829,59.14,57.78,60.5,5000
efficientnet_b3,gaussian_noise,5,bilinear_antialias,384,0.2152,52.3,50.92,53.68,5000
efficientnet_b3,gaussian_noise,5,bilinear_no_antialias,224,0.19,38.9,37.55,40.25,5000
efficientnet_b3,gaussian_noise,5,bilinear_no_antialias,320,0.2584,23.6,22.42,24.78,5000
efficientnet_b3,gaussian_noise,5,bilinear_no_antialias,384,0.2515,37.5,36.16,38.84,5000
efficientnet_b3,gaussian_noise,5,gaussian_prefilter_448,448,0.1242,54.9,53.52,56.28,5000
efficientnet_b3,gaussian_noise,5,identity_448,448,0.38,3.64,3.12,4.16,5000
