model,condition,severity,resolution,arm,accuracy,ci_low,ci_high,N
efficientnet_b3,clean,0,224,bn_recal,71.1,69.11,73.09,2000
efficientnet_b3,clean,0,320,bn_recal,77.45,75.62,79.28,2000
efficientnet_b3,clean,0,384,bn_recal,79.1,77.32,80.88,2000
efficientnet_b3,clean,0,448,bn_recal,80.05,78.3,81.8,2000
efficientnet_b3,contrast,3,224,bn_recal,69.45,67.43,71.47,2000
efficientnet_b3,contrast,3,320,bn_recal,77.25,75.41,79.09,2000
efficientnet_b3,contrast,3,384,bn_recal,78.6,76.8,80.4,2000
efficientnet_b3,contrast,3,448,bn_recal,79.85,78.09,81.61,2000
efficientnet_b3,defocus_blur,3,224,bn_recal,63.95,61.85,66.05,2000
efficientnet_b3,defocus_blur,3,320,bn_recal,69.95,67.94,71.96,2000
efficientnet_b3,defocus_blur,3,384,bn_recal,71.3,69.32,73.28,2000
efficientnet_b3,defocus_blur,3,448,bn_recal,70.1,68.09,72.11,2000
efficientnet_b3,gaussian_noise,3,224,bn_recal,65.6,63.52,67.68,2000
efficientnet_b3,gaussian_noise,3,320,bn_recal,69.15,67.13,71.17,2000
efficientnet_b3,gaussian_noise,3,384,bn_recal,68.85,66.82,70.88,2000
efficientnet_b3,gaussian_noise,3,448,bn_recal,61.25,59.11,63.39,2000
efficientnet_b3,gaussian_noise,5,224,bn_recal,49.95,47.76,52.14,2000
efficientnet_b3,gaussian_noise,5,320,bn_recal,48.35,46.16,50.54,2000
efficientnet_b3,gaussian_noise,5,384,bn_recal,41.3,39.14,43.46,2000
efficientnet_b3,gaussian_noise,5,448,bn_recal,32.35,30.3,34.4,2000
efficientnet_b3,jpeg_compression,3,224,bn_recal,68.0,65.96,70.04,2000
efficientnet_b3,jpeg_compression,3,320,bn_recal,75.05,73.15,76.95,2000
efficientnet_b3,jpeg_compression,3,384,bn_recal,74.5,72.59,76.41,2000
efficientnet_b3,jpeg_compression,3,448,bn_recal,74.15,72.23,76.07,2000
