model,condition,severity,band,resolution,accuracy,ci_low,ci_high,N
deit_base,clean,0,none,224,80.75,79.02,82.48,2000
deit_base,clean,0,none,320,81.8,80.11,83.49,2000
deit_base,clean,0,none,384,80.85,79.13,82.57,2000
deit_base,clean,0,none,448,79.35,77.58,81.12,2000
deit_base,freq_broadband,3,broadband,224,77.4,75.57,79.23,2000
deit_base,freq_broadband,3,broadband,320,77.0,75.16,78.84,2000
deit_base,freq_broadband,3,broadband,384,75.25,73.36,77.14,2000
deit_base,freq_broadband,3,broadband,448,71.95,69.98,73.92,2000
deit_base,freq_broadband,5,broadband,224,71.1,69.11,73.09,2000
deit_base,freq_broadband,5,broadband,320,68.2,66.16,70.24,2000
deit_base,freq_broadband,5,broadband,384,62.75,60.63,64.87,2000
deit_base,freq_broadband,5,broadband,448,50.75,48.56,52.94,2000
deit_base,freq_high,3,high,224,79.75,77.99,81.51,2000
deit_base,freq_high,3,high,320,79.2,77.42,80.98,2000
deit_base,freq_high,3,high,384,77.35,75.52,79.18,2000
deit_base,freq_high,3,high,448,73.0,71.05,74.95,2000
deit_base,freq_high,5,high,224,77.8,75.98,79.62,2000
deit_base,freq_high,5,high,320,75.7,73.82,77.58,2000
deit_base,freq_high,5,high,384,71.95,69.98,73.92,2000
deit_base,freq_high,5,high,448,63.35,61.24,65.46,2000
deit_base,freq_low,3,low,224,53.6,51.41,55.79,2000
deit_base,freq_low,3,low,320,48.45,46.26,50.64,2000
deit_base,freq_low,3,low,384,43.5,41.33,45.67,2000
deit_base,freq_low,3,low,448,38.25,36.12,40.38,2000
deit_base,freq_low,5,low,224,13.1,11.62,14.58,2000
deit_base,freq_low,5,low,320,2.65,1.95,3.35,2000
deit_base,freq_low,5,low,384,1.05,0.6,1.5,2000
deit_base,freq_low,5,low,448,0.65,0.3,1.0,2000
deit_base,freq_mid,3,mid,224,74.95,73.05,76.85,2000
deit_base,freq_mid,3,mid,320,71.5,69.52,73.48,2000
deit_base,freq_mid,3,mid,384,66.0,63.92,68.08,2000
deit_base,freq_mid,3,mid,448,57.6,55.43,59.77,2000
deit_base,freq_mid,5,mid,224,68.35,66.31,70.39,2000
deit_base,freq_mid,5,mid,320,57.15,54.98,59.32,2000
deit_base,freq_mid,5,mid,384,42.85,40.68,45.02,2000
deit_base,freq_mid,5,mid,448,19.6,17.86,21.34,2000
efficientnet_b3,clean,0,none,224,76.4,74.54,78.26,2000
efficientnet_b3,clean,0,none,320,80.5,78.76,82.24,2000
efficientnet_b3,clean,0,none,384,81.4,79.69,83.11,2000
efficientnet_b3,clean,0,none,448,81.45,79.75,83.15,2000
efficientnet_b3,freq_broadband,3,broadband,224,70.35,68.35,72.35,2000
efficientnet_b3,freq_broadband,3,broadband,320,73.4,71.46,75.34,2000
efficientnet_b3,freq_broadband,3,broadband,384,73.5,71.57,75.43,2000
efficientnet_b3,freq_broadband,3,broadband,448,53.5,51.31,55.69,2000
efficientnet_b3,freq_broadband,5,broadband,224,58.05,55.89,60.21,2000
efficientnet_b3,freq_broadband,5,broadband,320,56.8,54.63,58.97,2000
efficientnet_b3,freq_broadband,5,broadband,384,51.0,48.81,53.19,2000
efficientnet_b3,freq_broadband,5,broadband,448,3.9,3.05,4.75,2000
efficientnet_b3,freq_high,3,high,224,74.4,72.49,76.31,2000
efficientnet_b3,freq_high,3,high,320,77.1,75.26,78.94,2000
efficientnet_b3,freq_high,3,high,384,76.8,74.95,78.65,2000
efficientnet_b3,freq_high,3,high,448,55.95,53.77,58.13,2000
efficientnet_b3,freq_high,5,high,224,70.1,68.09,72.11,2000
efficientnet_b3,freq_high,5,high,320,66.6,64.53,68.67,2000
efficientnet_b3,freq_high,5,high,384,38.85,36.71,40.99,2000
efficientnet_b3,freq_high,5,high,448,20.2,18.44,21.96,2000
efficientnet_b3,freq_low,3,low,224,40.45,38.3,42.6,2000
efficientnet_b3,freq_low,3,low,320,41.0,38.84,43.16,2000
efficientnet_b3,freq_low,3,low,384,38.8,36.66,40.94,2000
efficientnet_b3,freq_low,3,low,448,40.25,38.1,42.4,2000
efficientnet_b3,freq_low,5,low,224,9.2,7.93,10.47,2000
efficientnet_b3,freq_low,5,low,320,5.8,4.78,6.82,2000
efficientnet_b3,freq_low,5,low,384,3.9,3.05,4.75,2000
efficientnet_b3,freq_low,5,low,448,3.5,2.69,4.31,2000
efficientnet_b3,freq_mid,3,mid,224,67.6,65.55,69.65,2000
efficientnet_b3,freq_mid,3,mid,320,66.55,64.48,68.62,2000
efficientnet_b3,freq_mid,3,mid,384,65.05,62.96,67.14,2000
efficientnet_b3,freq_mid,3,mid,448,59.65,57.5,61.8,2000
efficientnet_b3,freq_mid,5,mid,224,36.4,34.29,38.51,2000
efficientnet_b3,freq_mid,5,mid,320,46.1,43.92,48.28,2000
efficientnet_b3,freq_mid,5,mid,384,39.85,37.7,42.0,2000
efficientnet_b3,freq_mid,5,mid,448,25.55,23.64,27.46,2000
flexivit_base,clean,0,none,224,83.55,82.4,84.7,4000
flexivit_base,clean,0,none,320,84.67,83.56,85.79,4000
flexivit_base,clean,0,none,384,84.35,83.22,85.48,4000
flexivit_base,clean,0,none,448,84.15,83.02,85.28,4000
flexivit_base,freq_broadband,3,broadband,224,80.8,79.58,82.02,4000
flexivit_base,freq_broadband,3,broadband,320,80.47,79.25,81.7,4000
flexivit_base,freq_broadband,3,broadband,384,79.62,78.38,80.87,4000
flexivit_base,freq_broadband,3,broadband,448,76.95,75.64,78.26,4000
flexivit_base,freq_broadband,5,broadband,224,73.7,72.34,75.06,4000
flexivit_base,freq_broadband,5,broadband,320,71.75,70.35,73.15,4000
flexivit_base,freq_broadband,5,broadband,384,67.83,66.38,69.27,4000
flexivit_base,freq_broadband,5,broadband,448,49.7,48.15,51.25,4000
flexivit_base,freq_high,3,high,224,83.35,82.2,84.5,4000
flexivit_base,freq_high,3,high,320,83.3,82.14,84.46,4000
flexivit_base,freq_high,3,high,384,82.7,81.53,83.87,4000
flexivit_base,freq_high,3,high,448,79.67,78.43,80.92,4000
flexivit_base,freq_high,5,high,224,81.95,80.76,83.14,4000
flexivit_base,freq_high,5,high,320,80.42,79.2,81.65,4000
flexivit_base,freq_high,5,high,384,78.55,77.28,79.82,4000
flexivit_base,freq_high,5,high,448,60.88,59.36,62.39,4000
flexivit_base,freq_low,3,low,224,50.32,48.78,51.87,4000
flexivit_base,freq_low,3,low,320,45.9,44.36,47.44,4000
flexivit_base,freq_low,3,low,384,43.03,41.49,44.56,4000
flexivit_base,freq_low,3,low,448,40.48,38.95,42.0,4000
flexivit_base,freq_low,5,low,224,0.43,0.22,0.63,4000
flexivit_base,freq_low,5,low,320,0.15,0.03,0.27,4000
flexivit_base,freq_low,5,low,384,0.2,0.06,0.34,4000
flexivit_base,freq_low,5,low,448,0.12,0.02,0.23,4000
flexivit_base,freq_mid,3,mid,224,78.38,77.1,79.65,4000
flexivit_base,freq_mid,3,mid,320,74.52,73.17,75.88,4000
flexivit_base,freq_mid,3,mid,384,69.5,68.07,70.93,4000
flexivit_base,freq_mid,3,mid,448,55.43,53.88,56.97,4000
flexivit_base,freq_mid,5,mid,224,68.35,66.91,69.79,4000
flexivit_base,freq_mid,5,mid,320,42.02,40.5,43.55,4000
flexivit_base,freq_mid,5,mid,384,21.9,20.62,23.18,4000
flexivit_base,freq_mid,5,mid,448,5.22,4.54,5.91,4000
