condition,severity,config_name,resolution,r_tome,acc,gflops,fps,n
clean,0,res_224_base,224,0,82.42,35.127656448,438.40684007253986,5000
clean,0,res_320_base,320,0,82.28,74.518757376,206.06438308296697,5000
clean,0,res_384_base,384,0,81.98,110.968700928,141.05541757818608,5000
clean,0,res_448_base,448,0,80.80000000000001,156.990308352,103.4148019274836,5000
clean,0,tome_r32_448,448,32,80.60000000000001,115.021545472,118.62063309244682,5000
clean,0,tome_r64_448,448,64,80.02,76.259885056,169.22000637454056,5000
defocus_blur,3,res_224_base,224,0,74.08,35.127656448,438.40684007253986,5000
defocus_blur,3,res_320_base,320,0,71.64,74.518757376,206.06438308296697,5000
defocus_blur,3,res_384_base,384,0,68.72,110.968700928,141.05541757818608,5000
defocus_blur,3,res_448_base,448,0,66.64,156.990308352,103.4148019274836,5000
defocus_blur,3,tome_r32_448,448,32,65.48,115.021545472,118.62063309244682,5000
defocus_blur,3,tome_r64_448,448,64,63.980000000000004,76.259885056,169.22000637454056,5000
gaussian_noise,3,res_224_base,224,0,78.2,35.127656448,438.40684007253986,5000
gaussian_noise,3,res_320_base,320,0,78.10000000000001,74.518757376,206.06438308296697,5000
gaussian_noise,3,res_384_base,384,0,75.56,110.968700928,141.05541757818608,5000
gaussian_noise,3,res_448_base,448,0,73.16,156.990308352,103.4148019274836,5000
gaussian_noise,3,tome_r32_448,448,32,73.04,115.021545472,118.62063309244682,5000
gaussian_noise,3,tome_r64_448,448,64,70.62,76.259885056,169.22000637454056,5000
gaussian_noise,5,res_224_base,224,0,73.56,35.127656448,438.40684007253986,5000
gaussian_noise,5,res_320_base,320,0,69.54,74.518757376,206.06438308296697,5000
gaussian_noise,5,res_384_base,384,0,64.68,110.968700928,141.05541757818608,5000
gaussian_noise,5,res_448_base,448,0,52.16,156.990308352,103.4148019274836,5000
gaussian_noise,5,tome_r32_448,448,32,50.6,115.021545472,118.62063309244682,5000
gaussian_noise,5,tome_r64_448,448,64,47.42,76.259885056,169.22000637454056,5000
