condition,severity,config_name,resolution,r_tome,acc,gflops,fps,n,ci_low,ci_high,N
clean,0,res_224_base,224,0,82.42,35.127656448,438.40684007253986,5000,81.36,83.48,5000
clean,0,res_320_base,320,0,82.28,74.518757376,206.06438308296697,5000,81.22,83.34,5000
clean,0,res_384_base,384,0,81.98,110.968700928,141.05541757818608,5000,80.91,83.05,5000
clean,0,res_448_base,448,0,80.80000000000001,156.990308352,103.4148019274836,5000,79.71,81.89,5000
clean,0,tome_r32_448,448,32,80.60000000000001,115.021545472,118.62063309244682,5000,79.5,81.7,5000
clean,0,tome_r64_448,448,64,80.02,76.259885056,169.22000637454056,5000,78.91,81.13,5000
defocus_blur,3,res_224_base,224,0,74.08,35.127656448,438.40684007253986,5000,72.87,75.29,5000
defocus_blur,3,res_320_base,320,0,71.64,74.518757376,206.06438308296697,5000,70.39,72.89,5000
defocus_blur,3,res_384_base,384,0,68.72,110.968700928,141.05541757818608,5000,67.43,70.01,5000
defocus_blur,3,res_448_base,448,0,66.64,156.990308352,103.4148019274836,5000,65.33,67.95,5000
defocus_blur,3,tome_r32_448,448,32,65.48,115.021545472,118.62063309244682,5000,64.16,66.8,5000
defocus_blur,3,tome_r64_448,448,64,63.980000000000004,76.259885056,169.22000637454056,5000,62.65,65.31,5000
gaussian_noise,3,res_224_base,224,0,78.2,35.127656448,438.40684007253986,5000,77.06,79.34,5000
gaussian_noise,3,res_320_base,320,0,78.10000000000001,74.518757376,206.06438308296697,5000,76.95,79.25,5000
gaussian_noise,3,res_384_base,384,0,75.56,110.968700928,141.05541757818608,5000,74.37,76.75,5000
gaussian_noise,3,res_448_base,448,0,73.16,156.990308352,103.4148019274836,5000,71.93,74.39,5000
gaussian_noise,3,tome_r32_448,448,32,73.04,115.021545472,118.62063309244682,5000,71.81,74.27,5000
gaussian_noise,3,tome_r64_448,448,64,70.62,76.259885056,169.22000637454056,5000,69.36,71.88,5000
gaussian_noise,5,res_224_base,224,0,73.56,35.127656448,438.40684007253986,5000,72.34,74.78,5000
gaussian_noise,5,res_320_base,320,0,69.54,74.518757376,206.06438308296697,5000,68.26,70.82,5000
gaussian_noise,5,res_384_base,384,0,64.68,110.968700928,141.05541757818608,5000,63.36,66.0,5000
gaussian_noise,5,res_448_base,448,0,52.16,156.990308352,103.4148019274836,5000,50.78,53.54,5000
gaussian_noise,5,tome_r32_448,448,32,50.6,115.021545472,118.62063309244682,5000,49.21,51.99,5000
gaussian_noise,5,tome_r64_448,448,64,47.42,76.259885056,169.22000637454056,5000,46.04,48.8,5000
