model,resolution,patch_size,tokens,condition,severity,accuracy,ci_low,ci_high,N
flexivit_base,224,16,196,clean,0,83.13,81.79,84.47,3000
flexivit_base,224,16,196,defocus_blur,3,76.83,75.32,78.34,3000
flexivit_base,224,16,196,gaussian_noise,3,80.47,79.05,81.89,3000
flexivit_base,224,16,196,gaussian_noise,5,74.77,73.21,76.32,3000
flexivit_base,224,32,49,clean,0,79.13,77.68,80.59,3000
flexivit_base,224,32,49,defocus_blur,3,73.17,71.58,74.75,3000
flexivit_base,224,32,49,gaussian_noise,3,75.7,74.17,77.23,3000
flexivit_base,224,32,49,gaussian_noise,5,69.73,68.09,71.38,3000
flexivit_base,320,16,400,clean,0,84.03,82.72,85.34,3000
flexivit_base,320,16,400,defocus_blur,3,77.13,75.63,78.64,3000
flexivit_base,320,16,400,gaussian_noise,3,80.07,78.64,81.5,3000
flexivit_base,320,16,400,gaussian_noise,5,71.63,70.02,73.25,3000
flexivit_base,320,32,100,clean,0,83.57,82.24,84.89,3000
flexivit_base,320,32,100,defocus_blur,3,77.33,75.84,78.83,3000
flexivit_base,320,32,100,gaussian_noise,3,79.53,78.09,80.98,3000
flexivit_base,320,32,100,gaussian_noise,5,73.47,71.89,75.05,3000
flexivit_base,448,16,784,clean,0,84.13,82.83,85.44,3000
flexivit_base,448,16,784,defocus_blur,3,76.57,75.05,78.08,3000
flexivit_base,448,16,784,gaussian_noise,3,73.43,71.85,75.01,3000
flexivit_base,448,16,784,gaussian_noise,5,30.97,29.31,32.62,3000
flexivit_base,448,32,196,clean,0,83.77,82.45,85.09,3000
flexivit_base,448,32,196,defocus_blur,3,78.47,77.0,79.94,3000
flexivit_base,448,32,196,gaussian_noise,3,80.1,78.67,81.53,3000
flexivit_base,448,32,196,gaussian_noise,5,70.1,68.46,71.74,3000
