model,norm_type,condition,severity,suite_condition,accuracy,ci_low,ci_high,N
resnet50,BatchNorm,clean,0,A_orig448,79.5,78.38,80.62,5000
convnext_base,LayerNorm,clean,0,A_orig448,84.42,83.41,85.43,5000
resnet50,BatchNorm,clean,0,B_filtered448,78.48,77.34,79.62,5000
convnext_base,LayerNorm,clean,0,B_filtered448,82.86,81.82,83.9,5000
resnet50,BatchNorm,clean,0,C_down224,79.22,78.1,80.34,5000
convnext_base,LayerNorm,clean,0,C_down224,83.92,82.9,84.94,5000
resnet50,BatchNorm,gaussian_noise,3,A_orig448,51.02,49.63,52.41,5000
convnext_base,LayerNorm,gaussian_noise,3,A_orig448,78.54,77.4,79.68,5000
resnet50,BatchNorm,gaussian_noise,3,B_filtered448,60.76,59.41,62.11,5000
convnext_base,LayerNorm,gaussian_noise,3,B_filtered448,76.74,75.57,77.91,5000
resnet50,BatchNorm,gaussian_noise,3,C_down224,71.64,70.39,72.89,5000
convnext_base,LayerNorm,gaussian_noise,3,C_down224,80.98,79.89,82.07,5000
resnet50,BatchNorm,gaussian_noise,3,E_noise_matched,74.8,73.6,76.0,5000
convnext_base,LayerNorm,gaussian_noise,3,E_noise_matched,82.36,81.3,83.42,5000
resnet50,BatchNorm,gaussian_noise,5,A_orig448,15.26,14.26,16.26,5000
convnext_base,LayerNorm,gaussian_noise,5,A_orig448,38.18,36.83,39.53,5000
resnet50,BatchNorm,gaussian_noise,5,B_filtered448,27.66,26.42,28.9,5000
convnext_base,LayerNorm,gaussian_noise,5,B_filtered448,62.24,60.9,63.58,5000
resnet50,BatchNorm,gaussian_noise,5,C_down224,55.38,54.0,56.76,5000
convnext_base,LayerNorm,gaussian_noise,5,C_down224,73.52,72.3,74.74,5000
resnet50,BatchNorm,gaussian_noise,5,E_noise_matched,63.96,62.63,65.29,5000
convnext_base,LayerNorm,gaussian_noise,5,E_noise_matched,80.46,79.36,81.56,5000
