model,corruption,severity,N,clean_helped,clean_hurt,clean_inv_corr,clean_inv_inc,deg_helped,deg_hurt,deg_inv_corr,deg_inv_inc,delta_clean_pp,delta_deg_pp,did_transition_pp,did_ztest_pp,diff_match
deit_base,gaussian_noise,1,15000,522,746,11479,2253,532,872,11136,2460,-1.4933333333333334,-2.2666666666666666,-0.7733333333333332,-0.7733333333333333,1.1102230246251565e-16
deit_base,gaussian_noise,3,50000,1666,2467,38303,7564,1745,4588,34420,9247,-1.602,-5.686,-4.084,-4.0840000000000005,8.881784197001252e-16
deit_base,gaussian_noise,5,15000,522,746,11479,2253,386,3567,7361,3686,-1.4933333333333334,-21.206666666666667,-19.713333333333335,-19.71333333333333,3.552713678800501e-15
deit_base,defocus_blur,1,15000,522,746,11479,2253,495,722,11421,2362,-1.4933333333333334,-1.5133333333333334,-0.020000000000000018,-0.02,1.734723475976807e-17
deit_base,defocus_blur,3,50000,1666,2467,38303,7564,1308,4887,32833,10972,-1.602,-7.158,-5.556,-5.556,0.0
deit_base,defocus_blur,5,15000,522,746,11479,2253,301,2842,5993,5864,-1.4933333333333334,-16.94,-15.446666666666667,-15.446666666666667,0.0
deit_base,jpeg_compression,3,50000,1666,2467,38303,7564,1444,4948,33743,9865,-1.602,-7.008,-5.406,-5.406,0.0
deit_base,contrast,3,50000,1666,2467,38303,7564,1859,3297,36659,8185,-1.602,-2.876,-1.2739999999999998,-1.274,2.220446049250313e-16
efficientnet_b3,gaussian_noise,1,15000,1124,444,11281,2151,1078,644,10764,2514,4.533333333333333,2.8933333333333335,-1.6399999999999997,-1.6400000000000001,4.440892098500626e-16
efficientnet_b3,gaussian_noise,3,50000,3644,1435,37710,7211,2488,11237,24449,11826,4.418,-17.498,-21.916,-21.916,0.0
efficientnet_b3,gaussian_noise,5,15000,1124,444,11281,2151,79,8377,479,6065,4.533333333333333,-55.32,-59.85333333333333,-59.85333333333334,7.105427357601002e-15
efficientnet_b3,defocus_blur,1,15000,1124,444,11281,2151,1145,410,11178,2267,4.533333333333333,4.9,0.36666666666666714,0.36666666666666664,4.996003610813204e-16
efficientnet_b3,defocus_blur,3,50000,3644,1435,37710,7211,3858,2618,32118,11406,4.418,2.48,-1.9380000000000002,-1.9380000000000002,0.0
efficientnet_b3,defocus_blur,5,15000,1124,444,11281,2151,824,1947,5632,6597,4.533333333333333,-7.486666666666666,-12.02,-12.02,0.0
efficientnet_b3,jpeg_compression,3,50000,3644,1435,37710,7211,3723,1814,35344,9119,4.418,3.818,-0.6000000000000001,-0.6,1.1102230246251565e-16
efficientnet_b3,contrast,3,50000,3644,1435,37710,7211,4317,1527,36402,7754,4.418,5.58,1.162,1.162,0.0
flexivit_base,gaussian_noise,1,15000,446,332,12220,2002,414,587,11844,2155,0.76,-1.1533333333333333,-1.9133333333333333,-1.913333333333333,2.220446049250313e-16
flexivit_base,gaussian_noise,3,50000,1463,1104,40671,6762,1406,4651,35505,8438,0.718,-6.49,-7.208,-7.208,0.0
flexivit_base,gaussian_noise,5,15000,446,332,12220,2002,203,6647,4532,3618,0.76,-42.96,-43.72,-43.72,0.0
flexivit_base,defocus_blur,1,15000,446,332,12220,2002,370,239,12167,2224,0.76,0.8733333333333333,0.11333333333333329,0.11333333333333334,5.551115123125783e-17
flexivit_base,defocus_blur,3,50000,1463,1104,40671,6762,1001,1273,37517,10209,0.718,-0.544,-1.262,-1.262,0.0
flexivit_base,defocus_blur,5,15000,446,332,12220,2002,294,901,8706,5099,0.76,-4.046666666666667,-4.806666666666667,-4.806666666666667,0.0
flexivit_base,jpeg_compression,3,50000,1463,1104,40671,6762,1026,1893,38336,8745,0.718,-1.734,-2.452,-2.452,0.0
flexivit_base,contrast,3,50000,1463,1104,40671,6762,1631,922,40679,6768,0.718,1.418,0.7,0.7000000000000001,1.1102230246251565e-16
